epost.de,gmx.de,lycos.de
epost.de,gmx.de,lycos.de,web.de
epost.de,gmx.de,lycos.de,web.de,yahoo.de
epost.de,gmx.de,lycos.de,web.de,yahoo.de,yahoo.fr
gmx.de,lycos.de,web.de
gmx.de,lycos.de,web.de,yahoo.de
gmx.de,lycos.de,web.de,yahoo.de,yahoo.fr
lycos.de,web.de,yahoo.de
lycos.de,web.de,yahoo.de,yahoo.fr
web.de,yahoo.de,yahoo.fr
inbox.ru,list.ru,mail.ru
mail.ua,rambler.ru,yandex.ru
bk.ru,inbox.ru,list.ru
bk.ru,inbox.ru,list.ru,mail.ru
3a.by,bk.ru,inbox.ru
3a.by,bk.ru,inbox.ru,list.ru
3a.by,bk.ru,inbox.ru,list.ru,mail.ru
hotmail.ru,inbox.ru,list.ru
hotmail.ru,inbox.ru,list.ru,mail.ru
qip.ru,rambler.ru,yandex.ru
t-online.de,tiscali.it,virgilio.it
buziaczek.pl,email.pl,freenet.de
interia.eu,interia.pl,yahoo.com
sky.com,t-online.de,tiscali.it
sky.com,t-online.de,tiscali.it,virgilio.it
yahoo.co.nz,yahoo.co.uk,yahoo.com
hotmail.co.jp,lycos.de,web.de
hotmail.co.jp,lycos.de,web.de,yahoo.de
hotmail.co.jp,lycos.de,web.de,yahoo.de,yahoo.fr
gmail.com.mx,yahoo.com.mx,yahoo.com
gmail.com.hk,yahoo.com.hk,yahoo.com
westpost.net,yahoo.co.uk,yahoo.com
yahoo.cz,yahoo.de,yahoo.fr
