bk.ru,inbox.ru,list.ru
bk.ru,inbox.ru,list.ru,mail.ru
inbox.ru,list.ru,mail.ru
pochta.ru,qip.ru,rambler.ru
myrambler.ru,pochta.ru,qip.ru
myrambler.ru,pochta.ru,qip.ru,rambler.ru
21cn.com,a1.net,aaanet.ru
21cn.com,a1.net,aaanet.ru,amorki.pl
21cn.com,a1.net,aaanet.ru,amorki.pl,aol.co.uk
21cn.com,a1.net,aaanet.ru,amorki.pl,aol.co.uk,aol.com
a1.net,aaanet.ru,amorki.pl
a1.net,aaanet.ru,amorki.pl,aol.co.uk
a1.net,aaanet.ru,amorki.pl,aol.co.uk,aol.com
aaanet.ru,amorki.pl,aol.co.uk
aaanet.ru,amorki.pl,aol.co.uk,aol.com
amorki.pl,aol.co.uk,aol.com
autograf.pl,azet.sk,bk.ru
autograf.pl,azet.sk,bk.ru,inbox.ru
autograf.pl,azet.sk,bk.ru,inbox.ru,list.ru
autograf.pl,azet.sk,bk.ru,inbox.ru,list.ru,mail.ru
azet.sk,bk.ru,inbox.ru
azet.sk,bk.ru,inbox.ru,list.ru
azet.sk,bk.ru,inbox.ru,list.ru,mail.ru
bluemail.ch,bluewin.ch,cablenet.com.ni
bluemail.ch,bluewin.ch,cablenet.com.ni,cantv.net
bluemail.ch,bluewin.ch,cablenet.com.ni,cantv.net,centrum.cz
bluemail.ch,bluewin.ch,cablenet.com.ni,cantv.net,centrum.cz,centrum.sk
bluemail.ch,bluewin.ch,cablenet.com.ni,cantv.net,centrum.cz,centrum.sk,chello.at
bluemail.ch,bluewin.ch,cablenet.com.ni,cantv.net,centrum.cz,centrum.sk,chello.at,citromail.hu
bluemail.ch,bluewin.ch,cablenet.com.ni,cantv.net,centrum.cz,centrum.sk,chello.at,citromail.hu,free.fr
bluewin.ch,cablenet.com.ni,cantv.net
bluewin.ch,cablenet.com.ni,cantv.net,centrum.cz
bluewin.ch,cablenet.com.ni,cantv.net,centrum.cz,centrum.sk
bluewin.ch,cablenet.com.ni,cantv.net,centrum.cz,centrum.sk,chello.at
bluewin.ch,cablenet.com.ni,cantv.net,centrum.cz,centrum.sk,chello.at,citromail.hu
bluewin.ch,cablenet.com.ni,cantv.net,centrum.cz,centrum.sk,chello.at,citromail.hu,free.fr
cablenet.com.ni,cantv.net,centrum.cz
cablenet.com.ni,cantv.net,centrum.cz,centrum.sk
cablenet.com.ni,cantv.net,centrum.cz,centrum.sk,chello.at
cablenet.com.ni,cantv.net,centrum.cz,centrum.sk,chello.at,citromail.hu
cablenet.com.ni,cantv.net,centrum.cz,centrum.sk,chello.at,citromail.hu,free.fr
cantv.net,centrum.cz,centrum.sk
cantv.net,centrum.cz,centrum.sk,chello.at
cantv.net,centrum.cz,centrum.sk,chello.at,citromail.hu
cantv.net,centrum.cz,centrum.sk,chello.at,citromail.hu,free.fr
centrum.cz,centrum.sk,chello.at
centrum.cz,centrum.sk,chello.at,citromail.hu
centrum.cz,centrum.sk,chello.at,citromail.hu,free.fr
centrum.sk,chello.at,citromail.hu
centrum.sk,chello.at,citromail.hu,free.fr
chello.at,citromail.hu,free.fr
comhem.se,compot.ru,comune.at
comhem.se,compot.ru,comune.at,datacomm.ch
comhem.se,compot.ru,comune.at,datacomm.ch,daum.net
comhem.se,compot.ru,comune.at,datacomm.ch,daum.net,dir.bg
comhem.se,compot.ru,comune.at,datacomm.ch,daum.net,dir.bg,doctor.com
comhem.se,compot.ru,comune.at,datacomm.ch,daum.net,dir.bg,doctor.com,elisanet.fi
comhem.se,compot.ru,comune.at,datacomm.ch,daum.net,dir.bg,doctor.com,elisanet.fi,email.cz
compot.ru,comune.at,datacomm.ch
compot.ru,comune.at,datacomm.ch,daum.net
compot.ru,comune.at,datacomm.ch,daum.net,dir.bg
compot.ru,comune.at,datacomm.ch,daum.net,dir.bg,doctor.com
compot.ru,comune.at,datacomm.ch,daum.net,dir.bg,doctor.com,elisanet.fi
compot.ru,comune.at,datacomm.ch,daum.net,dir.bg,doctor.com,elisanet.fi,email.cz
comune.at,datacomm.ch,daum.net
comune.at,datacomm.ch,daum.net,dir.bg
comune.at,datacomm.ch,daum.net,dir.bg,doctor.com
comune.at,datacomm.ch,daum.net,dir.bg,doctor.com,elisanet.fi
comune.at,datacomm.ch,daum.net,dir.bg,doctor.com,elisanet.fi,email.cz
datacomm.ch,daum.net,dir.bg
datacomm.ch,daum.net,dir.bg,doctor.com
datacomm.ch,daum.net,dir.bg,doctor.com,elisanet.fi
datacomm.ch,daum.net,dir.bg,doctor.com,elisanet.fi,email.cz
daum.net,dir.bg,doctor.com
daum.net,dir.bg,doctor.com,elisanet.fi
daum.net,dir.bg,doctor.com,elisanet.fi,email.cz
dir.bg,doctor.com,elisanet.fi
dir.bg,doctor.com,elisanet.fi,email.cz
doctor.com,elisanet.fi,email.cz
email.it,euroweb.hu,exite.it
email.it,euroweb.hu,exite.it,freemail.it
euroweb.hu,exite.it,freemail.it
fibertel.com.ar,foxmail.com,freemail.hu
fibertel.com.ar,foxmail.com,freemail.hu,freemail.it
foxmail.com,freemail.hu,freemail.it
gorodok.net,graffiti.net,greencoop.zzn.com
gorodok.net,graffiti.net,greencoop.zzn.com,hotmail.com
graffiti.net,greencoop.zzn.com,hotmail.com
i.ua,inbox.ru,list.ru
i.ua,inbox.ru,list.ru,mail.ru
iafrica.com,icloud.com,ig.com.br
iafrica.com,icloud.com,ig.com.br,inbox.lv
iafrica.com,icloud.com,ig.com.br,inbox.lv,inbox.ru
iafrica.com,icloud.com,ig.com.br,inbox.lv,inbox.ru,list.ru
iafrica.com,icloud.com,ig.com.br,inbox.lv,inbox.ru,list.ru,mail.ru
icloud.com,ig.com.br,inbox.lv
icloud.com,ig.com.br,inbox.lv,inbox.ru
icloud.com,ig.com.br,inbox.lv,inbox.ru,list.ru
icloud.com,ig.com.br,inbox.lv,inbox.ru,list.ru,mail.ru
ig.com.br,inbox.lv,inbox.ru
ig.com.br,inbox.lv,inbox.ru,list.ru
ig.com.br,inbox.lv,inbox.ru,list.ru,mail.ru
inbox.lv,inbox.ru,list.ru
inbox.lv,inbox.ru,list.ru,mail.ru
infinito.it,inmail.sk,inter7.jp
infinito.it,inmail.sk,inter7.jp,intergga.ch
infinito.it,inmail.sk,inter7.jp,intergga.ch,interia.eu
infinito.it,inmail.sk,inter7.jp,intergga.ch,interia.eu,interia.pl
inmail.sk,inter7.jp,intergga.ch
inmail.sk,inter7.jp,intergga.ch,interia.eu
inmail.sk,inter7.jp,intergga.ch,interia.eu,interia.pl
inter7.jp,intergga.ch,interia.eu
inter7.jp,intergga.ch,interia.eu,interia.pl
intergga.ch,interia.eu,interia.pl
istruzione.it,izh.com,jumpy.it
istruzione.it,izh.com,jumpy.it,katamail.com
istruzione.it,izh.com,jumpy.it,katamail.com,libero.it
izh.com,jumpy.it,katamail.com
izh.com,jumpy.it,katamail.com,libero.it
jumpy.it,katamail.com,libero.it
kazancity.net,km.ru,list.ru
kazancity.net,km.ru,list.ru,mail.ru
km.ru,list.ru,mail.ru
land.ru,laposte.net,libero.it
lugano.zzn.com,lycos.it,mail.bg
lugano.zzn.com,lycos.it,mail.bg,mail.com
lycos.it,mail.bg,mail.com
me.com,megabox.ru,msx.ru
me.com,megabox.ru,msx.ru,myrambler.ru
me.com,megabox.ru,msx.ru,myrambler.ru,pochta.ru
me.com,megabox.ru,msx.ru,myrambler.ru,pochta.ru,qip.ru
me.com,megabox.ru,msx.ru,myrambler.ru,pochta.ru,qip.ru,rambler.ru
megabox.ru,msx.ru,myrambler.ru
megabox.ru,msx.ru,myrambler.ru,pochta.ru
megabox.ru,msx.ru,myrambler.ru,pochta.ru,qip.ru
megabox.ru,msx.ru,myrambler.ru,pochta.ru,qip.ru,rambler.ru
msx.ru,myrambler.ru,pochta.ru
msx.ru,myrambler.ru,pochta.ru,qip.ru
msx.ru,myrambler.ru,pochta.ru,qip.ru,rambler.ru
net.hr,nm.ru,pochta.ru
net.hr,nm.ru,pochta.ru,qip.ru
net.hr,nm.ru,pochta.ru,qip.ru,rambler.ru
nm.ru,pochta.ru,qip.ru
nm.ru,pochta.ru,qip.ru,rambler.ru
no-log.org,ntu.edu.tw,o2.pl
no-log.org,ntu.edu.tw,o2.pl,onet.pl
no-log.org,ntu.edu.tw,o2.pl,onet.pl,op.pl
no-log.org,ntu.edu.tw,o2.pl,onet.pl,op.pl,orange.fr
ntu.edu.tw,o2.pl,onet.pl
ntu.edu.tw,o2.pl,onet.pl,op.pl
ntu.edu.tw,o2.pl,onet.pl,op.pl,orange.fr
o2.pl,onet.pl,op.pl
o2.pl,onet.pl,op.pl,orange.fr
onet.pl,op.pl,orange.fr
onego.ru,onet.eu,onet.pl
onego.ru,onet.eu,onet.pl,op.pl
onego.ru,onet.eu,onet.pl,op.pl,orange.fr
onet.eu,onet.pl,op.pl
onet.eu,onet.pl,op.pl,orange.fr
online.de,ono.com,op.pl
online.de,ono.com,op.pl,orange.fr
ono.com,op.pl,orange.fr
opalnet.pl,optonline.net,peoplepc.com
opalnet.pl,optonline.net,peoplepc.com,qamail.msprod.m
opalnet.pl,optonline.net,peoplepc.com,qamail.msprod.m,rocketmail.com
opalnet.pl,optonline.net,peoplepc.com,qamail.msprod.m,rocketmail.com,seznam.cz
optonline.net,peoplepc.com,qamail.msprod.m
optonline.net,peoplepc.com,qamail.msprod.m,rocketmail.com
optonline.net,peoplepc.com,qamail.msprod.m,rocketmail.com,seznam.cz
peoplepc.com,qamail.msprod.m,rocketmail.com
peoplepc.com,qamail.msprod.m,rocketmail.com,seznam.cz
qamail.msprod.m,rocketmail.com,seznam.cz
pobox.sk,pochta.ru,qip.ru
pobox.sk,pochta.ru,qip.ru,rambler.ru
poczta.fm,poczta.pl,rocketmail.com
poczta.fm,poczta.pl,rocketmail.com,seznam.cz
poczta.pl,rocketmail.com,seznam.cz
poczta.onet.eu,poczta.onet.pl,post.ru
poczta.onet.eu,poczta.onet.pl,post.ru,post.sk
poczta.onet.eu,poczta.onet.pl,post.ru,post.sk,qip.ru
poczta.onet.eu,poczta.onet.pl,post.ru,post.sk,qip.ru,rambler.ru
poczta.onet.pl,post.ru,post.sk
poczta.onet.pl,post.ru,post.sk,qip.ru
poczta.onet.pl,post.ru,post.sk,qip.ru,rambler.ru
post.ru,post.sk,qip.ru
post.ru,post.sk,qip.ru,rambler.ru
post.sk,qip.ru,rambler.ru
sanet.hu,schule.at,seznam.cz
sknt.ru,sohu.com,svitonline.com
sknt.ru,sohu.com,svitonline.com,t-online.hu
sknt.ru,sohu.com,svitonline.com,t-online.hu,tele2.at
sknt.ru,sohu.com,svitonline.com,t-online.hu,tele2.at,telkomsa.net
sknt.ru,sohu.com,svitonline.com,t-online.hu,tele2.at,telkomsa.net,terra.com.br
sknt.ru,sohu.com,svitonline.com,t-online.hu,tele2.at,telkomsa.net,terra.com.br,tin.it
sknt.ru,sohu.com,svitonline.com,t-online.hu,tele2.at,telkomsa.net,terra.com.br,tin.it,tiscali.it
sohu.com,svitonline.com,t-online.hu
sohu.com,svitonline.com,t-online.hu,tele2.at
sohu.com,svitonline.com,t-online.hu,tele2.at,telkomsa.net
sohu.com,svitonline.com,t-online.hu,tele2.at,telkomsa.net,terra.com.br
sohu.com,svitonline.com,t-online.hu,tele2.at,telkomsa.net,terra.com.br,tin.it
sohu.com,svitonline.com,t-online.hu,tele2.at,telkomsa.net,terra.com.br,tin.it,tiscali.it
svitonline.com,t-online.hu,tele2.at
svitonline.com,t-online.hu,tele2.at,telkomsa.net
svitonline.com,t-online.hu,tele2.at,telkomsa.net,terra.com.br
svitonline.com,t-online.hu,tele2.at,telkomsa.net,terra.com.br,tin.it
svitonline.com,t-online.hu,tele2.at,telkomsa.net,terra.com.br,tin.it,tiscali.it
t-online.hu,tele2.at,telkomsa.net
t-online.hu,tele2.at,telkomsa.net,terra.com.br
t-online.hu,tele2.at,telkomsa.net,terra.com.br,tin.it
t-online.hu,tele2.at,telkomsa.net,terra.com.br,tin.it,tiscali.it
tele2.at,telkomsa.net,terra.com.br
tele2.at,telkomsa.net,terra.com.br,tin.it
tele2.at,telkomsa.net,terra.com.br,tin.it,tiscali.it
telkomsa.net,terra.com.br,tin.it
telkomsa.net,terra.com.br,tin.it,tiscali.it
terra.com.br,tin.it,tiscali.it
tlen.pl,tochka.ru,tom.com
tlen.pl,tochka.ru,tom.com,unicatt.it
tlen.pl,tochka.ru,tom.com,unicatt.it,uol.com.br
tlen.pl,tochka.ru,tom.com,unicatt.it,uol.com.br,varsat.net
tlen.pl,tochka.ru,tom.com,unicatt.it,uol.com.br,varsat.net,vene.ws
tlen.pl,tochka.ru,tom.com,unicatt.it,uol.com.br,varsat.net,vene.ws,virgilio.it
tochka.ru,tom.com,unicatt.it
tochka.ru,tom.com,unicatt.it,uol.com.br
tochka.ru,tom.com,unicatt.it,uol.com.br,varsat.net
tochka.ru,tom.com,unicatt.it,uol.com.br,varsat.net,vene.ws
tochka.ru,tom.com,unicatt.it,uol.com.br,varsat.net,vene.ws,virgilio.it
tom.com,unicatt.it,uol.com.br
tom.com,unicatt.it,uol.com.br,varsat.net
tom.com,unicatt.it,uol.com.br,varsat.net,vene.ws
tom.com,unicatt.it,uol.com.br,varsat.net,vene.ws,virgilio.it
unicatt.it,uol.com.br,varsat.net
unicatt.it,uol.com.br,varsat.net,vene.ws
unicatt.it,uol.com.br,varsat.net,vene.ws,virgilio.it
uol.com.br,varsat.net,vene.ws
uol.com.br,varsat.net,vene.ws,virgilio.it
varsat.net,vene.ws,virgilio.it
verat.net,vipmail.hu,virgilio.it
vp.pl,vtr.net,wanadoo.fr
wp.pl,yahoo.ca,yahoo.co.id
yahoo.co.jp,yahoo.co.kr,yahoo.co.uk
yahoo.co,yahoo.com.ar,yahoo.com.mx
yahoo.gr,yahoo.ie,yahoo.it
yahoo.ru,yandex.by,yandex.com
yahoo.ru,yandex.by,yandex.com,yandex.kz
yahoo.ru,yandex.by,yandex.com,yandex.kz,yandex.ru
yandex.by,yandex.com,yandex.kz
yandex.by,yandex.com,yandex.kz,yandex.ru
yandex.com,yandex.kz,yandex.ru
yauza.ru,yeah.net,ymail.com
autorambler.ru,bk.ru,inbox.ru
autorambler.ru,bk.ru,inbox.ru,list.ru
autorambler.ru,bk.ru,inbox.ru,list.ru,mail.ru
lenta.ru,list.ru,mail.ru
myspace.com,netscape.net,netzero.com
myspace.com,netscape.net,netzero.com,none
myspace.com,netscape.net,netzero.com,none,optonline.net
myspace.com,netscape.net,netzero.com,none,optonline.net,peoplepc.com
myspace.com,netscape.net,netzero.com,none,optonline.net,peoplepc.com,qamail.msprod.m
myspace.com,netscape.net,netzero.com,none,optonline.net,peoplepc.com,qamail.msprod.m,rocketmail.com
myspace.com,netscape.net,netzero.com,none,optonline.net,peoplepc.com,qamail.msprod.m,rocketmail.com,seznam.cz
netscape.net,netzero.com,none
netscape.net,netzero.com,none,optonline.net
netscape.net,netzero.com,none,optonline.net,peoplepc.com
netscape.net,netzero.com,none,optonline.net,peoplepc.com,qamail.msprod.m
netscape.net,netzero.com,none,optonline.net,peoplepc.com,qamail.msprod.m,rocketmail.com
netscape.net,netzero.com,none,optonline.net,peoplepc.com,qamail.msprod.m,rocketmail.com,seznam.cz
netzero.com,none,optonline.net
netzero.com,none,optonline.net,peoplepc.com
netzero.com,none,optonline.net,peoplepc.com,qamail.msprod.m
netzero.com,none,optonline.net,peoplepc.com,qamail.msprod.m,rocketmail.com
netzero.com,none,optonline.net,peoplepc.com,qamail.msprod.m,rocketmail.com,seznam.cz
none,optonline.net,peoplepc.com
none,optonline.net,peoplepc.com,qamail.msprod.m
none,optonline.net,peoplepc.com,qamail.msprod.m,rocketmail.com
none,optonline.net,peoplepc.com,qamail.msprod.m,rocketmail.com,seznam.cz
ya.ua,yandex.by,yandex.com
ya.ua,yandex.by,yandex.com,yandex.kz
ya.ua,yandex.by,yandex.com,yandex.kz,yandex.ru
aol.com.com,aol.comcom,mail.ru
mail333.com,memori.ru,myrambler.ru
mail333.com,memori.ru,myrambler.ru,pochta.ru
mail333.com,memori.ru,myrambler.ru,pochta.ru,qip.ru
mail333.com,memori.ru,myrambler.ru,pochta.ru,qip.ru,rambler.ru
memori.ru,myrambler.ru,pochta.ru
memori.ru,myrambler.ru,pochta.ru,qip.ru
memori.ru,myrambler.ru,pochta.ru,qip.ru,rambler.ru
newmail.ru,nightmail.ru,nm.ru
newmail.ru,nightmail.ru,nm.ru,pochta.ru
newmail.ru,nightmail.ru,nm.ru,pochta.ru,qip.ru
newmail.ru,nightmail.ru,nm.ru,pochta.ru,qip.ru,rambler.ru
nightmail.ru,nm.ru,pochta.ru
nightmail.ru,nm.ru,pochta.ru,qip.ru
nightmail.ru,nm.ru,pochta.ru,qip.ru,rambler.ru
btinternet.com,charter.net,cox.net
earthlink.net,excite.com,gmx.de
gmx.net,gmx.us,interia.eu
gmx.net,gmx.us,interia.eu,interia.pl
gmx.us,interia.eu,interia.pl
sbcglobal.net,tmail.com,verizon.net
sbcglobal.net,tmail.com,verizon.net,web.de
sbcglobal.net,tmail.com,verizon.net,web.de,yahoo.de
tmail.com,verizon.net,web.de
tmail.com,verizon.net,web.de,yahoo.de
verizon.net,web.de,yahoo.de
gmx.at,gmx.ch,gmx.co.uk
gmx.at,gmx.ch,gmx.co.uk,gmx.com
gmx.at,gmx.ch,gmx.co.uk,gmx.com,gmx.de
gmx.ch,gmx.co.uk,gmx.com
gmx.ch,gmx.co.uk,gmx.com,gmx.de
gmx.co.uk,gmx.com,gmx.de
bigmir.net,bk.ru,inbox.ru
bigmir.net,bk.ru,inbox.ru,list.ru
bigmir.net,bk.ru,inbox.ru,list.ru,mail.ru
email.ua,freemail.ru,gmail.com
tut.by,ukr.net,ya.ru
tut.by,ukr.net,ya.ru,yandex.ru
ukr.net,ya.ru,yandex.ru
buziaczek.pl,email.pl,freenet.de
ig.com,inbox.ru,list.ru
ig.com,inbox.ru,list.ru,mail.ru
lycos.de,web.de,yahoo.de
gmx.info,gmx.net,gmx.us
gmx.info,gmx.net,gmx.us,interia.eu
gmx.info,gmx.net,gmx.us,interia.eu,interia.pl
orange.pl,poczta.fm,poczta.pl
orange.pl,poczta.fm,poczta.pl,rocketmail.com
orange.pl,poczta.fm,poczta.pl,rocketmail.com,seznam.cz
yahoo.net,yahoo.no,yahoo.pl
yahoo.net,yahoo.no,yahoo.pl,yahoo.se
yahoo.no,yahoo.pl,yahoo.se
wanadoo.nl,wp.eu,wp.pl
wanadoo.nl,wp.eu,wp.pl,yahoo.ca
wanadoo.nl,wp.eu,wp.pl,yahoo.ca,yahoo.co.id
wp.eu,wp.pl,yahoo.ca
wp.eu,wp.pl,yahoo.ca,yahoo.co.id
yahoo.dk,yahoo.es,yahoo.fr
3a.by,bk.ru,inbox.ru
3a.by,bk.ru,inbox.ru,list.ru
3a.by,bk.ru,inbox.ru,list.ru,mail.ru
krovatka.su,land.ru,laposte.net
krovatka.su,land.ru,laposte.net,libero.it
mail15.com,mail333.com,memori.ru
mail15.com,mail333.com,memori.ru,myrambler.ru
mail15.com,mail333.com,memori.ru,myrambler.ru,pochta.ru
mail15.com,mail333.com,memori.ru,myrambler.ru,pochta.ru,qip.ru
mail15.com,mail333.com,memori.ru,myrambler.ru,pochta.ru,qip.ru,rambler.ru
wans.net,web.de,yahoo.de
pochta.com,pochta.ru,qip.ru
pochta.com,pochta.ru,qip.ru,rambler.ru
mail.de,mail.dk,mail.org
mail.de,mail.dk,mail.org,mail.ru
mail.dk,mail.org,mail.ru
inboxt.ru,list.ru,mail.ru
14.ru,42.ru,45.ru
14.ru,42.ru,45.ru,56.ru
14.ru,42.ru,45.ru,56.ru,59.ru
14.ru,42.ru,45.ru,56.ru,59.ru,70.ru
14.ru,42.ru,45.ru,56.ru,59.ru,70.ru,75.ru
14.ru,42.ru,45.ru,56.ru,59.ru,70.ru,75.ru,89.ru
14.ru,42.ru,45.ru,56.ru,59.ru,70.ru,75.ru,89.ru,aol.com
42.ru,45.ru,56.ru
42.ru,45.ru,56.ru,59.ru
42.ru,45.ru,56.ru,59.ru,70.ru
42.ru,45.ru,56.ru,59.ru,70.ru,75.ru
42.ru,45.ru,56.ru,59.ru,70.ru,75.ru,89.ru
42.ru,45.ru,56.ru,59.ru,70.ru,75.ru,89.ru,aol.com
45.ru,56.ru,59.ru
45.ru,56.ru,59.ru,70.ru
45.ru,56.ru,59.ru,70.ru,75.ru
45.ru,56.ru,59.ru,70.ru,75.ru,89.ru
45.ru,56.ru,59.ru,70.ru,75.ru,89.ru,aol.com
56.ru,59.ru,70.ru
56.ru,59.ru,70.ru,75.ru
56.ru,59.ru,70.ru,75.ru,89.ru
56.ru,59.ru,70.ru,75.ru,89.ru,aol.com
59.ru,70.ru,75.ru
59.ru,70.ru,75.ru,89.ru
59.ru,70.ru,75.ru,89.ru,aol.com
70.ru,75.ru,89.ru
70.ru,75.ru,89.ru,aol.com
75.ru,89.ru,aol.com
bossmail.ru,boymail.ru,freemail.ru
bossmail.ru,boymail.ru,freemail.ru,gmail.com
boymail.ru,freemail.ru,gmail.com
girlmail.ru,inbox.ru,list.ru
girlmail.ru,inbox.ru,list.ru,mail.ru
verizon.com,verizon.net,web.de
verizon.com,verizon.net,web.de,yahoo.de
gamail.com,gamil.com,gmail.com
nextmail.ru,pochta.ru,qip.ru
nextmail.ru,pochta.ru,qip.ru,rambler.ru
ya.com,ya.ru,yandex.ru
hotamail.com,hotamil.com,hotmail.com
ya.rum,yandex.com,yandex.kz
ya.rum,yandex.com,yandex.kz,yandex.ru
5ballov.ru,aeterna.ru,autorambler.ru
5ballov.ru,aeterna.ru,autorambler.ru,bk.ru
5ballov.ru,aeterna.ru,autorambler.ru,bk.ru,inbox.ru
5ballov.ru,aeterna.ru,autorambler.ru,bk.ru,inbox.ru,list.ru
5ballov.ru,aeterna.ru,autorambler.ru,bk.ru,inbox.ru,list.ru,mail.ru
aeterna.ru,autorambler.ru,bk.ru
aeterna.ru,autorambler.ru,bk.ru,inbox.ru
aeterna.ru,autorambler.ru,bk.ru,inbox.ru,list.ru
aeterna.ru,autorambler.ru,bk.ru,inbox.ru,list.ru,mail.ru
fotoplenka.ru,fromru.com,front.ru
pochtamt.ru,pop3.ru,qip.ru
pochtamt.ru,pop3.ru,qip.ru,rambler.ru
pop3.ru,qip.ru,rambler.ru
sbcglobal.com,sbcglobal.net,tmail.com
sbcglobal.com,sbcglobal.net,tmail.com,verizon.net
sbcglobal.com,sbcglobal.net,tmail.com,verizon.net,web.de
sbcglobal.com,sbcglobal.net,tmail.com,verizon.net,web.de,yahoo.de
gmail.com.ar,yahoo.com.ar,yahoo.com.mx
gmail.com.hk,yahoo.com.hk,yahoo.comhk
cheapnet.it,email.it,euroweb.hu
cheapnet.it,email.it,euroweb.hu,exite.it
cheapnet.it,email.it,euroweb.hu,exite.it,freemail.it
gmail.com.ph,yahoo.com.ph,yahoo.comph
gmail.com.au,yahoo.com.au,yahoo.comau
lineone.net,ntlworld.com,uol.com
gmail.com.cn,yahoo.com.cn,yahoo.comcn
de.com,epost.de,gmx.de
blueyonder.co.u,blueyonder.co.uk,blueyonder.couk
borda.ru,fotoplenka.ru,fromru.com
borda.ru,fotoplenka.ru,fromru.com,front.ru
tele2.nl,ya.com,ya.ru
tele2.nl,ya.com,ya.ru,yandex.ru
hotmail.com.hk,yahoo.com.hk,yahoo.comhk
pobox.com,qip.ru,rambler.ru
att.com,att.net,bellsouth.net
hotmail.com.sg,yahoo.com.sg,yahoo.com.tw
hotmaill.co.uk,icloud.com,ig.com.br
hotmaill.co.uk,icloud.com,ig.com.br,inbox.lv
hotmaill.co.uk,icloud.com,ig.com.br,inbox.lv,inbox.ru
hotmaill.co.uk,icloud.com,ig.com.br,inbox.lv,inbox.ru,list.ru
hotmaill.co.uk,icloud.com,ig.com.br,inbox.lv,inbox.ru,list.ru,mail.ru
cpe.fr,e-kiwi.fr,easynet.fr
gmail.comph,yahoo.com.ph,yahoo.comph
hotmail.comph,yahoo.com.ph,yahoo.comph
gmail.com.vn,yahoo.com.vn,yahoo.comvn
mail.vu,mail15.com,mail333.com
mail.vu,mail15.com,mail333.com,memori.ru
mail.vu,mail15.com,mail333.com,memori.ru,myrambler.ru
mail.vu,mail15.com,mail333.com,memori.ru,myrambler.ru,pochta.ru
mail.vu,mail15.com,mail333.com,memori.ru,myrambler.ru,pochta.ru,qip.ru
mail.vu,mail15.com,mail333.com,memori.ru,myrambler.ru,pochta.ru,qip.ru,rambler.ru
yandex.ee,yandex.net,yandex.ru
yandex.net.ru,yandex.net,yandex.ru
